brand,processor_brand,processor,gen,ram,ssd,hdd,os,os_bit,gpu,warranty,Touchscreen,msoffice,rating,Price,Number of Ratings,Number of Reviews
1,1,1,0,2,0,1,2,1,0,3,0,0,1,34649,3,0
5,1,1,0,2,0,1,2,1,0,3,0,0,2,38999,65,5
5,1,1,0,2,0,1,2,1,0,3,0,0,2,39999,8,1
1,1,2,0,3,6,0,2,0,1,3,0,0,2,69990,0,0
1,1,0,7,2,0,3,2,1,0,3,0,0,2,26990,0,0
1,1,0,7,2,0,3,2,1,0,3,0,0,2,22990,0,0
1,1,0,7,2,0,3,2,0,0,3,0,0,2,21990,31,3
1,1,2,0,3,0,1,2,0,1,3,0,0,2,58799,0,0
5,1,2,0,2,0,1,2,0,0,3,0,0,2,49999,0,0
7,0,8,0,2,0,3,2,0,2,3,0,0,3,59990,1946,240
7,0,8,0,2,0,3,2,0,3,3,0,0,3,93700,259,47
7,0,8,0,2,0,3,2,0,2,3,0,0,3,72990,425,67
2,1,0,7,2,0,3,2,1,0,3,0,0,2,17490,1120,196
1,1,1,1,2,4,0,2,1,0,3,0,0,2,35990,0,0
4,1,1,1,3,4,0,2,1,0,0,1,0,2,56490,0,0
4,1,2,1,3,4,0,2,1,0,0,0,0,2,65390,0,0
5,1,0,7,2,4,0,2,1,0,3,0,0,3,31999,286,19
4,1,0,7,3,4,0,2,1,0,3,0,0,3,32490,58,6
5,1,0,7,2,4,0,2,1,0,3,0,0,2,31799,0,0
1,1,0,7,2,4,0,2,1,0,3,0,0,3,29890,7,0
1,1,0,7,2,0,1,2,1,0,0,0,0,2,23990,15279,1947
4,1,1,4,2,0,1,2,1,0,3,0,0,3,32955,311,27
4,1,2,4,2,0,1,2,0,1,3,0,0,3,46200,47,7
1,1,1,1,2,4,0,2,1,0,3,0,0,3,34429,37,6
5,1,1,0,3,4,0,2,0,0,1,0,1,3,37990,2080,235
1,1,1,1,2,4,0,2,0,0,0,0,1,3,35990,1479,181
1,1,1,0,3,4,0,2,1,0,3,0,0,3,33980,67,3
4,1,1,1,3,4,0,2,1,0,0,0,1,3,39990,273,30
3,1,1,0,3,4,0,2,1,0,0,0,1,3,39490,1267,171
4,1,1,1,3,4,0,2,1,0,0,1,1,3,53990,14,0
7,1,1,1,3,4,0,2,1,0,0,0,0,2,38990,0,0
1,1,1,1,3,4,0,2,1,0,0,0,0,3,37990,284,39
1,1,1,1,3,4,0,2,1,0,0,0,1,3,37890,44,5
5,1,1,1,3,4,0,2,1,0,0,0,0,3,38990,33,4
5,1,1,0,3,4,0,2,1,0,3,0,0,3,37990,286,36
3,1,1,1,3,4,0,2,1,0,0,0,1,2,41990,10,5
1,1,1,1,3,4,0,2,1,0,0,0,0,3,45990,816,147
5,1,1,1,3,4,0,2,1,0,0,0,0,3,39990,543,65
3,1,1,1,3,4,0,2,1,0,3,0,0,3,42490,9,1
3,1,1,0,2,4,0,2,1,0,0,0,1,3,36990,1178,137
5,1,1,1,3,4,0,2,1,0,0,1,1,3,53990,299,41
1,1,1,1,3,4,0,2,1,0,3,0,0,3,36990,20,1
5,1,1,0,2,4,0,2,1,0,1,0,0,3,38940,758,64
3,1,1,0,2,4,0,2,1,0,0,0,1,3,39490,634,64
5,1,1,0,3,4,0,2,1,0,1,0,1,4,39999,4,0
3,1,1,1,3,4,0,2,1,0,0,0,0,3,42990,17,2
3,1,1,1,3,4,0,2,1,0,0,1,0,3,49990,24,5
3,1,1,1,3,4,0,2,1,0,0,0,1,3,41490,1753,165
3,1,1,1,3,4,0,2,1,0,3,0,0,3,41990,216,21
5,1,1,1,3,4,0,2,1,0,0,0,1,3,41990,1084,160
1,1,1,1,3,4,0,2,1,0,0,0,0,2,38490,19,3
5,1,1,1,2,4,0,2,1,0,0,0,1,3,38990,106,13
5,1,1,1,2,4,0,2,1,0,0,0,1,3,44990,42,4
5,1,1,0,2,4,0,2,1,0,3,0,0,2,36490,0,0
5,1,1,0,3,4,0,2,0,0,3,0,0,2,38970,0,0
4,1,1,1,2,4,0,2,1,0,0,0,1,3,44900,1029,107
6,1,1,0,2,4,0,2,1,0,3,0,0,3,38990,53,11
3,1,1,1,2,4,0,2,1,0,3,0,0,2,44427,0,0
1,1,1,0,2,4,0,2,1,0,0,0,0,2,35990,0,0
5,1,1,0,2,4,0,2,1,0,0,0,1,2,40200,48,1
5,1,1,0,2,4,0,2,0,0,3,0,0,2,40990,3,0
3,1,1,0,2,4,0,2,1,0,0,0,0,2,42490,0,0
7,1,0,7,2,0,3,2,0,0,3,0,0,2,23990,61,4
3,1,1,1,2,4,0,2,1,0,3,1,0,3,71999,97,13
1,1,1,1,2,4,0,2,1,0,0,0,0,3,39990,181,19
5,1,1,0,2,4,0,2,1,0,0,0,1,3,41998,529,39
1,1,1,1,2,4,0,2,0,0,3,0,0,2,41990,0,0
5,1,1,0,2,4,0,2,1,0,1,0,1,2,39999,0,0
1,1,1,0,2,4,0,2,0,0,3,0,0,2,39990,0,0
5,1,1,1,2,4,0,2,1,0,3,0,0,3,39998,10,1
4,1,1,1,2,4,0,2,1,0,0,0,1,3,42490,5205,561
5,1,1,0,2,4,0,2,0,0,3,0,0,2,41990,3,0
1,1,1,1,2,4,0,2,0,0,3,0,0,2,48490,0,0
4,1,1,1,2,4,0,2,1,0,0,0,1,3,44376,1090,96
3,1,1,1,2,4,0,2,0,0,3,0,0,2,43900,0,0
3,1,1,1,2,4,0,2,1,0,0,0,0,2,46690,0,0
5,1,1,0,2,4,0,2,0,0,3,0,0,4,40990,1,1
3,1,1,0,2,4,0,2,1,0,0,0,0,3,39990,44,2
5,1,1,1,2,4,0,2,1,0,3,0,0,2,43990,0,0
1,1,1,1,2,4,0,2,1,0,0,0,0,3,36990,70,9
3,1,1,1,3,4,0,2,1,0,0,0,0,2,48500,0,0
1,1,1,1,3,4,0,2,1,0,3,0,0,2,48990,0,0
1,1,0,7,2,0,3,2,0,0,3,0,0,3,23490,632,92
4,1,1,5,2,4,0,2,1,0,0,1,1,3,54238,71,8
1,1,1,0,3,6,0,2,1,0,0,0,0,3,37990,990,108
4,1,1,1,3,6,0,2,1,0,0,0,1,3,42990,158,18
4,1,1,1,3,6,0,2,1,0,0,0,1,3,42990,681,59
1,1,1,0,2,6,0,2,1,0,0,0,0,3,35990,130,12
1,1,1,1,3,6,0,2,1,0,0,0,0,3,42990,30,4
1,1,1,1,3,6,0,2,0,0,0,1,1,3,51990,6,2
1,1,1,1,3,6,0,2,1,0,0,0,0,3,48990,174,30
1,1,1,1,3,6,0,2,1,0,0,0,0,3,42990,40,7
5,1,1,0,3,6,0,2,1,0,0,0,0,2,38990,13,1
3,1,1,1,3,6,0,2,1,0,3,0,0,3,45990,184,29
4,1,1,0,3,6,0,2,1,0,0,0,1,3,42490,1296,126
4,1,1,1,3,6,0,2,1,0,0,0,1,3,43970,571,56
1,1,1,0,2,6,0,2,1,0,0,0,1,3,39990,2551,297
6,1,1,1,3,6,0,2,1,0,3,0,0,3,48990,17,3
4,1,1,1,3,6,0,2,1,0,0,0,1,3,54990,35,3
6,1,1,0,3,6,0,2,1,0,3,0,0,3,40990,118,17
1,1,1,1,3,6,0,2,1,0,0,0,1,2,41990,0,0
5,1,1,1,3,6,0,2,1,0,0,1,0,3,54990,245,34
1,1,1,1,3,6,0,2,1,0,0,0,1,3,44990,2058,305
4,1,1,1,3,6,0,2,1,0,0,0,0,3,41250,117,11
4,1,1,1,3,6,0,2,1,0,3,0,0,2,44990,0,0
1,1,1,1,3,6,0,2,1,0,0,0,0,3,42990,74,11
3,1,1,1,3,6,0,2,1,0,0,1,0,3,60790,10,1
4,1,1,1,3,6,0,2,1,0,3,0,0,3,45650,39,4
3,1,1,0,3,6,0,2,1,0,0,0,1,2,41990,29,7
3,1,1,0,3,6,0,2,1,0,0,0,0,3,45490,43,4
1,1,1,1,3,6,0,2,1,0,0,0,1,2,44990,0,0
5,1,1,1,3,6,0,2,1,0,1,0,1,3,42990,984,99
4,1,1,1,2,6,0,2,1,0,0,0,1,3,45490,523,66
4,1,1,0,2,6,0,2,0,0,3,0,0,3,38799,30,1
4,1,1,1,2,6,0,2,1,0,0,1,1,2,69267,0,0
1,1,1,1,2,6,0,2,1,0,0,0,1,2,51649,0,0
4,1,1,1,2,6,0,2,1,0,0,0,1,3,47990,1605,215
1,1,1,0,2,6,0,2,1,0,0,0,0,3,40990,4008,519
1,1,1,0,2,6,0,2,1,0,0,0,1,3,42990,1869,234
1,1,1,1,2,6,0,2,1,0,0,0,0,2,44890,7,0
1,1,1,0,2,6,0,2,1,0,0,0,0,3,41490,4008,519
4,1,1,1,2,6,0,2,0,0,0,0,0,2,50990,0,0
4,1,1,1,2,6,0,2,1,0,0,0,1,3,48900,1278,135
3,1,1,0,2,6,0,2,1,0,3,0,0,2,41790,0,0
5,1,1,1,2,6,0,2,1,0,0,1,1,2,57999,10,2
3,1,1,1,3,6,0,2,1,0,3,0,0,2,45930,0,0
4,1,1,1,3,6,0,2,1,0,0,1,1,3,55490,143,15
1,1,1,0,3,0,1,2,1,0,0,0,0,2,32890,28,4
5,1,1,0,3,0,1,2,1,0,0,0,1,3,35990,2124,233
3,1,1,1,3,0,1,2,1,0,3,0,0,3,42490,276,40
3,1,1,1,3,0,1,2,1,0,3,0,0,2,42190,250,21
3,1,1,0,3,0,1,2,1,0,0,0,1,3,39490,1917,189
4,1,1,1,3,0,1,2,1,0,0,0,1,3,43690,4999,490
1,1,1,0,2,0,1,2,1,0,0,0,0,2,35990,17,0
3,1,1,1,3,0,1,2,0,0,3,0,0,3,43800,17,0
5,1,1,0,3,0,1,2,0,0,3,0,0,2,38990,0,0
1,1,1,0,2,0,1,2,1,0,0,0,0,2,34990,4203,490
1,1,1,1,3,0,1,2,1,0,0,0,0,2,38900,13,0
3,1,1,0,2,0,1,2,1,0,0,0,0,2,39990,15,1
3,1,1,0,2,0,1,2,0,0,3,0,0,3,40890,527,46
5,1,1,0,2,0,1,2,1,0,0,0,0,2,36990,103,10
4,1,1,1,2,0,1,2,1,0,0,0,1,2,39990,324,45
4,1,1,1,2,0,1,2,1,0,0,0,1,3,41990,69,5
3,1,1,1,2,0,1,2,0,0,3,0,0,2,43970,16,0
4,1,1,1,2,0,1,2,1,0,0,0,0,2,39790,40,3
1,1,1,0,2,0,1,2,0,0,3,0,0,2,35590,12,1
4,1,1,0,2,0,1,2,1,0,0,0,1,2,36490,1146,175
1,1,1,0,2,0,1,2,1,0,0,0,1,3,38990,1850,216
1,1,1,0,2,0,1,2,0,0,3,0,0,2,33990,43,7
3,1,1,0,2,0,1,2,1,0,0,0,1,3,43400,231,26
1,1,0,7,2,0,3,2,0,0,3,0,0,3,24990,502,93
4,1,1,0,2,0,1,2,1,0,0,0,1,3,40750,1096,116
3,1,1,0,2,0,1,2,1,0,0,0,1,3,43000,313,35
1,1,1,0,2,0,1,2,1,0,3,0,0,3,38000,7,0
3,1,1,1,3,0,1,2,1,0,0,0,1,2,37990,265,46
4,1,1,4,3,0,1,2,1,1,3,0,0,3,49279,38,3
5,1,1,0,3,0,1,2,0,0,3,0,0,2,38999,7,2
1,1,1,1,3,0,1,2,0,0,3,0,0,2,41500,4,0
7,1,1,1,2,0,1,2,0,0,3,0,0,2,36999,0,0
3,1,1,1,3,0,1,2,0,0,3,0,0,2,42900,0,0
1,1,0,7,2,0,3,2,0,0,3,0,0,2,21490,818,113
3,1,1,1,3,0,1,2,0,0,3,0,0,2,41480,25,4
1,1,1,0,3,0,1,2,1,0,3,0,0,1,32990,12,0
1,1,1,1,3,0,1,2,1,0,0,0,0,2,38680,17,1
1,1,0,7,2,0,3,2,0,0,3,0,0,3,23990,974,170
3,1,1,0,3,0,1,2,1,0,3,0,0,2,40390,83,15
1,1,1,0,2,0,1,2,1,0,3,0,0,2,33990,31,6
1,1,0,7,2,0,3,2,0,0,3,0,0,2,20490,637,91
3,1,1,0,3,4,1,2,1,0,0,0,1,4,41490,7,5
3,1,1,1,3,4,1,2,1,0,3,0,0,3,45490,207,16
3,1,1,1,3,4,1,2,1,0,3,0,0,3,44490,844,103
1,1,1,1,3,4,1,2,1,0,0,0,1,3,41890,53,6
3,1,1,1,2,4,1,2,1,0,0,0,1,3,42990,62,7
7,1,1,1,3,4,1,2,1,0,3,0,0,3,40990,38,2
3,1,1,1,3,4,1,2,1,0,0,0,0,3,48990,724,92
3,1,1,1,2,4,1,2,1,0,0,0,1,2,43590,0,0
3,1,1,0,2,4,1,2,1,0,0,0,0,3,44690,9,0
1,1,1,0,2,4,1,2,1,0,3,0,0,2,40990,0,0
3,1,1,1,2,4,1,2,1,0,0,0,1,2,43990,0,0
3,1,1,0,2,4,1,2,1,0,0,0,1,3,41390,56,7
3,1,1,0,2,4,1,2,1,0,0,0,1,2,44290,0,0
3,1,1,1,2,4,1,2,1,0,0,0,0,2,48999,0,0
3,1,1,1,2,4,1,2,1,0,0,0,1,2,39990,170,11
3,1,1,0,3,4,1,2,1,0,3,0,0,1,46390,95,5
1,1,0,7,2,0,3,2,1,0,3,0,0,2,18990,197,25
1,1,0,7,2,0,3,2,0,0,3,0,0,2,17990,1180,148
4,1,0,7,2,0,3,2,1,0,3,0,0,2,26470,232,23
4,1,0,7,2,0,3,2,1,0,3,0,0,2,27990,596,65
5,1,0,7,2,0,1,2,0,0,3,0,0,2,29999,19,1
5,1,0,7,2,0,3,2,1,0,3,0,0,2,25990,84,16
5,1,0,7,2,0,3,2,0,0,3,0,0,2,16990,414,54
5,1,0,7,2,0,3,2,0,0,3,0,0,1,24990,70,16
7,1,2,7,3,0,3,2,0,2,3,0,0,3,50990,10966,1185
7,1,2,7,3,0,3,2,0,0,0,0,0,3,119990,1,1
7,1,2,0,3,0,3,0,0,0,3,0,0,3,94190,31,6
1,1,2,0,3,0,3,0,0,2,3,0,0,3,106167,1881,241
3,1,2,0,3,0,3,0,0,2,0,0,0,0,68090,23,4
3,1,2,0,3,0,3,0,0,0,0,0,0,2,139990,0,0
4,1,2,0,3,0,3,0,0,0,3,0,0,3,55990,818,109
4,1,2,0,3,0,3,0,0,2,3,0,0,2,102551,0,0
5,1,2,0,3,0,3,0,0,1,3,0,0,3,46990,4428,569
4,1,2,5,3,2,0,2,1,0,0,0,0,3,76012,129,16
5,1,2,1,3,4,0,2,1,0,1,0,1,3,49490,365,35
7,1,2,4,3,4,0,2,1,0,0,0,1,3,86867,39,3
1,1,2,1,3,4,0,2,1,0,0,0,0,2,48990,0,0
3,1,2,1,3,4,0,2,1,0,3,0,0,2,55990,3,0
7,1,2,5,3,4,0,2,1,0,0,1,1,3,81998,14,3
4,1,2,5,3,4,0,2,1,0,0,1,1,2,136590,0,0
7,1,2,5,3,4,0,2,1,0,0,0,0,2,59490,33,7
1,1,2,1,3,4,0,2,1,0,0,0,0,2,49800,0,0
5,1,2,1,3,4,0,2,1,0,0,0,1,1,61999,4,0
4,1,2,1,3,6,0,2,1,0,3,0,0,3,54990,116,15
4,1,2,1,3,6,0,2,1,0,0,0,0,3,53990,206,17
5,1,2,1,3,6,0,2,1,0,1,0,1,3,52990,300,24
4,1,2,1,0,6,0,2,1,0,0,0,1,3,67990,108,6
1,1,2,0,3,6,0,2,1,2,0,0,0,3,57990,3712,412
5,1,2,1,0,6,0,2,1,0,0,0,1,3,62300,825,95
5,1,2,1,3,6,0,2,1,0,0,0,0,2,52990,0,0
5,1,2,1,3,6,0,2,1,0,1,0,1,3,51990,85,4
5,1,2,1,0,6,0,2,1,0,3,0,0,3,61990,56,7
1,1,2,1,3,6,0,2,0,0,0,1,1,3,63990,10,1
5,1,2,1,3,6,0,2,1,0,0,0,1,3,65990,17,4
7,1,2,1,3,6,0,2,1,0,0,0,0,3,52990,155,20
5,1,2,0,3,6,0,2,1,0,0,0,0,2,49990,0,0
1,1,2,1,3,6,0,2,1,2,3,0,0,3,71990,91,17
1,1,2,0,3,6,0,2,1,0,0,0,0,3,47990,35,2
5,1,2,0,3,6,0,2,0,0,1,0,1,3,48490,126,13
1,1,2,1,3,6,0,2,1,2,3,0,0,3,72990,74,10
6,1,2,1,0,6,0,2,1,2,1,0,0,3,76990,75,17
1,1,2,1,0,6,0,2,1,3,0,0,1,3,89990,124,17
6,1,2,0,3,6,0,2,1,2,1,0,0,3,59990,1597,228
1,1,2,0,3,6,0,2,1,2,0,0,1,3,65990,3850,378
3,1,2,1,3,6,0,2,1,0,3,1,0,3,71990,7,1
3,1,2,1,3,6,0,2,1,0,3,1,0,3,71890,3,0
5,1,2,1,0,6,0,2,1,0,3,0,0,2,64990,0,0
1,1,2,1,0,6,0,2,1,0,0,0,0,2,65990,0,0
4,1,2,1,3,6,0,2,1,0,3,0,0,3,55999,5,1
1,1,2,1,0,6,0,2,1,2,0,0,0,3,73490,213,45
4,1,2,1,0,6,0,2,1,0,0,0,1,3,74490,10,0
4,1,2,1,3,6,0,2,1,0,0,0,1,3,58340,69,6
7,1,2,1,3,6,0,2,1,0,0,0,0,3,55999,6,0
3,1,2,1,0,6,0,2,1,0,3,0,0,3,67990,93,9
1,1,2,1,0,6,0,2,1,0,0,0,0,3,59990,11,2
1,1,2,1,0,6,0,2,1,3,0,0,1,3,82990,262,31
3,1,2,1,3,6,0,2,1,1,0,0,1,2,64190,0,0
3,1,2,1,0,6,0,2,1,0,3,0,0,3,70090,5,1
1,1,2,0,3,6,0,2,1,1,0,0,0,3,49990,45,3
6,1,2,1,3,6,0,2,1,0,3,0,0,2,55490,8,1
4,1,2,1,3,6,0,2,1,0,3,1,0,4,97990,3,1
1,1,2,6,3,6,0,2,1,2,0,0,1,3,54990,1681,227
5,1,2,1,3,6,0,2,1,0,0,0,1,3,59990,37,2
5,1,2,1,3,6,0,2,1,0,0,0,1,3,53990,61,2
4,1,2,1,0,6,0,2,1,0,0,0,1,3,66999,17,1
7,1,2,1,3,6,0,2,1,0,0,0,1,3,60990,17,1
1,1,2,0,3,6,0,2,1,0,0,0,1,3,47990,1625,152
4,1,2,1,3,6,0,2,0,0,0,0,1,3,59999,4,1
3,1,2,0,0,6,0,2,1,2,0,0,0,2,79990,0,0
1,1,2,0,3,6,0,2,1,2,0,0,0,2,63990,0,0
4,1,2,1,3,6,0,2,1,0,0,0,1,3,63990,17,1
1,1,2,1,0,6,0,2,1,0,0,0,0,2,59990,0,0
5,1,2,1,3,6,0,2,1,0,0,0,0,2,55990,0,0
4,1,2,1,3,6,0,2,1,0,0,0,1,3,63990,3,0
3,1,2,1,0,6,0,2,1,1,0,0,1,2,69490,0,0
3,1,2,1,0,6,0,2,1,0,0,1,1,2,89390,0,0
1,1,2,1,3,6,0,2,1,0,3,0,0,2,74990,0,0
5,1,2,1,3,6,0,2,1,0,2,1,1,3,64990,48,12
5,1,2,0,3,6,0,2,1,2,0,0,1,3,66490,282,36
3,1,2,1,0,6,0,2,1,1,0,0,1,2,89702,0,0
5,1,2,1,0,6,0,2,1,1,0,0,1,3,70990,67,4
1,1,2,1,0,6,0,2,1,0,0,1,1,2,58990,0,0
5,1,2,0,3,6,0,2,1,1,0,0,1,2,57500,0,0
3,1,2,1,3,6,0,2,1,1,0,1,1,3,79990,23,2
6,1,2,0,3,6,0,2,1,0,3,0,0,3,56541,677,87
1,1,2,1,0,6,0,2,1,0,3,0,0,2,59990,3,0
5,1,2,1,0,6,0,2,1,0,0,0,1,3,64990,46,4
3,1,2,1,3,6,0,2,1,0,0,0,0,2,61290,4,1
5,1,2,1,3,6,0,2,1,0,0,0,1,3,54990,9,1
5,1,2,1,3,6,0,2,1,0,0,0,1,3,59990,26,4
1,1,2,1,3,6,0,2,0,3,0,0,0,4,84990,5,0
4,1,2,1,3,6,0,2,1,0,0,0,1,3,72500,40,3
5,1,2,1,3,6,0,2,1,2,3,0,0,2,59990,44,6
5,1,2,1,3,6,0,2,1,0,0,1,1,3,87990,28,6
4,1,2,1,3,6,0,2,1,0,3,0,0,3,57990,1541,123
3,1,2,1,3,6,0,2,1,0,0,0,1,3,69490,72,7
5,1,2,1,3,6,0,2,1,0,2,1,1,3,68990,44,8
5,1,2,1,3,6,0,2,0,0,0,0,1,3,77990,17,2
1,1,2,1,3,6,0,2,1,0,0,1,0,3,105990,59,11
6,1,2,1,3,6,0,2,1,0,0,0,0,2,79990,0,0
3,1,2,1,3,6,0,2,1,0,0,0,1,3,55490,337,27
5,1,2,1,3,6,0,2,1,0,0,0,1,3,69990,10,2
1,1,2,1,3,6,0,2,1,0,0,1,1,3,84990,10,2
3,1,2,1,3,6,0,2,1,0,3,0,0,2,59990,31,7
3,1,2,0,3,6,0,2,1,0,0,0,1,2,111890,0,0
3,1,2,1,3,6,0,2,1,1,0,0,0,3,65990,10,0
1,1,2,1,3,6,0,2,0,0,0,0,1,3,72990,76,14
3,1,2,1,3,6,0,2,1,0,0,0,1,3,71090,44,6
6,1,2,1,3,6,0,2,1,2,1,0,0,2,74990,0,0
1,1,2,0,3,6,0,2,1,0,0,0,1,3,79990,11,3
6,1,2,1,3,6,0,2,1,0,0,0,0,3,55490,138,16
3,1,2,1,3,6,0,2,1,1,0,0,1,3,66490,199,17
1,1,2,1,3,6,0,2,1,0,0,0,1,3,53400,46,6
3,1,2,1,3,6,0,2,1,0,0,1,1,3,74500,45,5
3,1,2,1,3,6,0,2,1,0,0,0,1,2,114990,0,0
3,1,2,1,3,6,0,2,1,1,3,0,0,3,61990,35,4
0,1,2,0,3,6,0,1,1,0,0,0,0,3,159990,32,5
0,1,2,5,3,6,0,1,1,0,0,0,0,3,172090,108,13
6,1,2,1,3,6,0,2,1,2,3,0,0,2,74990,0,0
6,1,2,0,3,6,0,2,1,0,0,0,0,3,56490,814,112
5,1,2,0,3,6,0,2,1,0,2,0,0,2,147000,0,0
5,1,2,1,3,6,0,2,1,0,0,0,1,3,55990,75,9
4,1,2,1,3,6,0,2,1,2,0,0,1,2,77990,0,0
4,1,2,0,3,6,0,2,1,2,0,0,1,3,106490,3,0
5,1,2,1,3,6,0,2,0,1,0,0,1,3,70990,11,3
5,1,2,1,3,6,0,2,1,0,0,0,1,3,64990,125,11
7,1,2,1,3,6,0,2,1,0,0,0,0,2,57990,0,0
1,1,2,0,3,6,0,2,1,2,0,0,0,3,64990,4,0
6,1,2,0,3,6,0,2,1,0,0,0,0,3,54990,714,147
4,1,2,1,3,6,0,2,1,0,3,1,0,2,111999,0,0
5,1,2,0,3,6,0,2,1,1,0,0,1,3,70798,21,3
5,1,2,6,3,6,0,2,1,2,3,0,0,2,59990,9,1
7,1,2,5,3,6,0,2,1,2,0,0,0,2,99500,0,0
4,1,2,0,3,6,0,2,1,0,0,0,1,3,55990,30,4
1,1,2,5,3,6,0,2,1,0,0,0,0,3,72990,44,4
7,1,2,5,3,6,0,2,1,0,0,0,0,2,64990,4,1
1,1,2,1,3,6,0,2,1,0,3,0,0,2,57990,0,0
4,1,2,1,3,6,0,2,1,1,0,1,1,3,76990,14,2
5,1,2,1,3,6,0,2,1,0,1,0,1,3,62998,739,71
3,1,2,1,3,6,0,2,1,0,0,1,1,3,77990,31,5
4,1,2,0,3,6,0,2,1,0,0,1,1,3,114990,145,19
3,1,2,0,3,6,0,2,1,1,0,0,1,2,65990,0,0
3,1,2,1,3,6,0,2,1,1,0,0,1,2,88990,19,2
5,1,2,0,3,6,0,2,1,0,3,0,0,2,113590,0,0
1,1,2,1,3,6,0,2,1,0,0,1,1,3,73990,32,6
4,1,2,1,3,6,0,2,1,0,0,0,1,3,61000,1124,100
1,1,2,1,3,6,0,2,1,0,0,1,0,3,99990,35,6
5,1,2,1,3,6,0,2,1,0,0,0,1,3,67990,9,0
3,1,2,1,3,6,0,2,1,0,0,1,1,3,70799,98,6
5,1,2,1,3,6,0,2,1,0,0,0,1,3,65990,31,2
1,1,2,5,3,6,0,2,1,0,0,0,0,3,53690,19,3
6,1,2,1,3,6,0,2,1,0,0,0,0,2,55990,0,0
1,1,2,1,3,6,0,2,1,0,0,0,1,3,53190,11,0
5,1,2,0,3,6,0,2,0,1,1,0,1,3,58999,45,3
3,1,2,1,3,6,0,2,1,1,2,0,0,2,71990,0,0
4,1,2,1,3,6,0,2,0,2,3,0,0,2,82000,0,0
1,1,2,1,3,6,0,2,1,0,3,0,0,2,84990,0,0
5,1,2,1,3,6,0,2,1,1,3,0,0,2,89998,0,0
1,1,2,1,3,6,0,2,1,0,0,1,0,2,99990,0,0
5,1,2,0,3,6,0,2,1,2,3,0,0,3,69899,474,37
3,1,2,0,3,6,0,2,1,2,0,0,0,2,79990,0,0
3,1,2,0,3,6,0,2,1,2,0,0,0,3,76300,6,0
5,1,2,0,3,6,0,2,1,0,0,0,1,2,55999,0,0
3,1,2,1,3,6,0,2,1,0,3,0,0,2,72900,24,4
3,1,2,1,3,6,0,2,1,0,0,1,1,3,73990,195,17
1,1,2,1,3,6,0,2,1,0,3,0,0,2,84990,0,0
3,1,2,1,3,6,0,2,0,1,3,0,0,2,73519,0,0
4,1,2,0,3,6,0,2,1,0,0,1,0,4,126000,2,1
1,1,2,1,3,6,0,2,1,3,0,0,0,2,88990,0,0
4,1,2,1,3,6,0,2,1,0,0,1,1,2,114999,0,0
3,1,2,1,3,6,0,2,1,1,0,1,1,3,82990,21,2
7,1,2,1,3,6,0,2,1,0,3,1,0,2,109999,0,0
5,1,2,1,3,6,0,2,1,0,0,1,1,2,82990,0,0
3,1,2,1,3,6,0,2,1,1,0,1,1,3,79990,5,0
1,1,2,1,3,6,0,2,1,0,0,1,0,2,114990,0,0
4,1,2,1,3,6,0,2,1,0,0,1,0,2,129999,0,0
6,1,2,5,3,6,0,2,0,3,3,0,0,3,149990,10,3
3,1,2,1,3,6,0,2,1,1,3,0,0,2,71290,0,0
3,1,2,0,3,6,0,2,1,0,0,0,1,3,79500,10,1
3,1,2,0,3,6,0,2,1,1,0,0,1,2,82990,15,3
3,1,2,1,3,6,0,2,1,1,0,0,1,3,70980,138,23
4,1,2,1,3,6,0,2,0,0,3,0,0,2,94000,0,0
3,1,2,1,3,6,0,2,1,1,3,1,0,3,82990,16,3
6,1,2,1,3,6,0,2,1,0,0,0,0,3,79990,11,4
1,1,2,5,3,6,0,2,1,0,3,0,0,2,85990,0,0
1,1,2,0,3,6,0,2,1,1,3,0,0,2,86990,0,0
1,1,2,0,3,6,0,2,1,1,0,0,1,4,105990,4,0
1,1,2,0,3,6,0,2,1,0,3,0,0,2,84990,0,0
5,1,2,5,3,6,0,2,1,1,0,0,1,3,59999,22,3
5,1,2,1,3,6,0,2,1,0,0,0,1,3,91999,16,2
3,1,2,1,3,6,0,2,1,0,0,1,1,2,78900,16,1
1,1,2,0,3,6,0,2,1,0,3,0,0,2,132790,0,0
5,1,2,1,3,6,0,2,1,2,3,0,0,2,60990,14,6
2,1,2,4,3,6,0,2,1,0,3,0,0,2,65556,0,0
3,1,2,1,0,6,0,2,1,0,3,0,0,2,70190,6,3
3,1,2,1,3,6,0,2,1,1,0,1,0,2,79590,0,0
1,1,2,1,3,6,0,2,1,2,0,0,0,2,76990,0,0
2,1,2,5,3,6,0,2,1,0,3,0,0,2,44990,17,3
1,1,2,1,3,6,0,2,1,0,0,1,1,2,84990,17,2
5,1,2,0,3,6,0,2,1,1,0,1,1,3,86999,3,0
4,1,2,1,0,6,0,2,1,1,0,0,0,3,78000,512,85
2,1,2,5,3,6,0,2,1,0,3,0,0,2,73063,17,3
4,1,2,1,0,6,0,2,1,2,0,0,1,2,100990,0,0
5,1,2,5,3,6,0,2,1,0,0,0,1,2,74990,3,1
1,1,2,0,3,6,0,2,1,2,3,0,0,3,75990,1365,137
5,1,2,1,3,6,0,2,0,1,0,0,1,2,84086,8,3
1,1,2,1,3,1,0,2,1,2,3,0,0,3,75990,368,48
1,1,2,1,3,1,0,2,1,2,0,0,1,3,77990,202,26
1,1,2,0,3,1,0,2,1,2,0,0,0,3,77990,187,26
0,1,2,0,0,1,0,1,1,0,0,0,0,3,179990,31,3
0,1,2,0,0,1,0,1,1,0,0,0,0,3,179990,91,5
1,1,2,0,3,1,0,2,1,2,3,0,0,3,82990,844,118
1,1,2,1,3,1,0,2,1,2,0,0,0,2,87990,0,0
1,1,2,1,3,1,0,2,1,2,3,0,0,3,84500,3,0
3,1,2,1,3,1,0,2,1,0,3,0,0,3,74190,21,3
5,1,2,1,3,1,0,2,1,0,0,0,1,2,64990,4,0
5,1,2,0,3,6,3,2,1,0,2,1,0,2,155411,0,0
5,1,2,0,3,6,3,2,1,0,2,1,0,2,125394,0,0
7,1,2,1,3,0,1,2,1,0,3,0,0,2,49990,0,0
7,1,2,1,3,0,1,2,1,0,0,0,0,2,46990,253,28
3,1,2,1,3,0,1,2,1,0,0,0,1,2,48990,470,46
7,1,2,5,3,0,1,2,1,1,0,0,1,3,59999,118,28
1,1,2,0,3,0,1,2,1,0,0,0,0,3,46990,1444,179
6,1,2,0,3,0,1,2,1,2,1,0,0,3,52990,1114,137
5,1,2,4,3,0,1,2,0,1,3,0,0,2,57999,0,0
5,1,2,3,3,0,1,2,1,0,3,0,0,2,52490,78,17
5,1,2,5,3,0,1,2,1,2,0,0,0,3,56990,21,5
7,1,2,5,3,0,1,2,1,1,0,0,0,3,61990,73,21
3,1,2,1,3,0,1,2,0,0,3,0,0,2,58090,0,0
1,1,2,0,3,0,1,2,1,0,3,0,0,2,56990,0,0
7,1,2,5,3,0,1,2,1,0,0,0,0,2,61597,0,0
1,1,2,5,3,0,1,2,1,0,3,0,0,2,81990,0,0
1,1,2,0,3,0,1,2,1,0,3,0,0,2,61249,0,0
3,1,2,1,3,0,1,2,0,0,3,0,0,2,58990,0,0
1,1,2,0,3,0,1,2,1,1,3,0,0,2,83990,0,0
6,1,2,0,3,0,3,0,0,3,3,0,0,3,291190,7,3
6,1,2,0,3,0,3,0,0,3,3,0,0,3,145990,715,106
6,1,2,0,3,0,3,0,0,4,3,0,0,3,179990,24,5
4,1,2,5,3,0,1,2,1,1,0,0,1,3,64990,23,4
4,1,2,5,3,0,1,2,1,0,0,0,0,3,46790,3062,325
4,1,2,4,2,0,1,2,1,0,0,0,0,3,44599,122,12
7,1,2,5,3,0,1,2,1,1,0,0,0,3,72964,18,6
4,1,2,0,3,0,1,2,0,0,0,0,1,2,48790,11,1
7,1,2,0,3,0,1,2,1,1,0,0,0,2,56491,30,6
1,1,2,1,3,4,1,2,0,0,0,0,1,3,50990,1188,127
1,1,2,0,3,4,1,2,1,2,3,0,0,3,55990,23,0
7,1,2,1,3,4,1,2,1,0,0,0,0,3,57990,32,1
1,1,2,1,3,4,1,2,1,0,0,0,0,2,52990,0,0
3,1,2,1,3,4,1,2,1,0,0,0,0,3,57990,47,0
7,1,2,1,3,4,1,2,1,0,0,0,0,3,56990,27,2
7,1,2,1,3,4,1,2,1,0,3,0,0,2,55490,8,3
3,1,2,1,3,4,1,2,1,1,0,0,0,2,62490,157,20
1,1,2,1,0,4,1,2,1,0,0,0,0,3,64990,10,1
5,1,2,1,3,4,1,2,1,1,0,0,1,3,59990,52,4
1,1,2,1,3,4,1,2,1,1,0,0,1,3,60190,33,4
1,1,2,6,3,4,1,2,1,2,3,0,0,3,54490,343,47
5,1,2,6,3,4,1,2,1,2,0,0,1,3,60990,131,17
3,1,2,1,2,4,1,2,1,0,0,0,1,3,55790,41,4
1,1,2,1,0,4,1,2,1,0,0,0,1,3,64990,328,51
1,1,2,1,0,4,1,2,1,0,3,0,0,3,58990,6,1
3,1,2,1,3,4,1,2,1,0,0,0,1,2,54990,353,28
4,1,2,1,3,4,1,2,1,2,0,0,1,3,71990,127,20
3,1,2,1,3,4,1,2,1,1,0,0,0,2,69900,0,0
5,1,2,1,3,4,1,2,1,1,0,0,1,3,65990,241,19
1,1,2,1,3,4,1,2,1,0,0,0,0,2,49990,22,2
3,1,2,1,3,4,1,2,1,0,0,0,1,3,58990,8,1
5,1,2,0,3,4,1,2,1,2,3,0,0,3,74590,898,128
1,1,2,0,3,4,1,2,0,1,3,0,0,4,58990,1,1
1,1,2,1,3,4,1,2,1,0,0,0,0,2,64990,0,0
3,1,2,1,3,4,1,2,1,1,3,0,0,2,66490,6,1
3,1,2,0,3,4,1,2,1,2,3,0,0,3,77900,179,34
3,1,2,1,3,4,1,2,1,1,3,0,0,2,67490,41,5
3,1,2,1,3,4,1,2,1,0,0,0,1,2,61990,0,0
3,1,2,1,3,4,1,2,1,0,0,0,1,3,58990,114,9
5,1,2,0,3,4,1,2,1,2,3,0,0,3,74999,268,25
1,1,2,1,3,4,1,2,1,0,0,0,1,4,68900,6,1
3,1,2,1,3,4,1,2,1,1,3,0,0,3,71695,153,16
7,1,2,1,0,4,1,2,1,0,3,0,0,2,62490,8,0
3,1,2,5,3,0,2,2,1,1,0,0,1,3,62317,377,53
6,1,2,0,3,0,3,0,0,4,3,0,0,2,207290,0,0
3,1,3,5,0,4,0,2,1,2,0,0,1,3,87990,120,21
2,1,3,5,3,4,0,2,1,0,3,0,0,2,73990,0,0
1,1,3,0,0,6,0,2,1,0,0,0,0,3,57990,76,9
1,1,3,0,3,6,0,2,1,2,3,0,0,3,61990,11,2
6,1,3,0,0,6,0,2,1,2,1,0,0,3,79990,484,56
5,1,3,0,3,6,0,2,1,2,0,0,1,3,68990,44,2
5,1,3,1,0,6,0,2,1,0,0,1,1,3,85990,77,10
5,1,3,1,0,6,0,2,1,2,0,0,1,3,99990,11,3
1,1,3,1,3,6,0,2,1,0,0,0,1,3,77990,21,5
5,1,3,1,3,6,0,2,1,2,3,0,0,3,79990,5,2
4,1,3,1,0,6,0,2,1,2,0,0,1,4,93190,4,0
1,1,3,1,0,6,0,2,1,0,0,0,1,2,94990,0,0
5,1,3,1,0,6,0,2,1,0,2,1,1,3,84990,13,2
6,1,3,0,3,6,0,2,1,0,3,0,0,3,57990,15,0
4,1,3,1,0,6,0,2,1,0,0,1,1,3,102990,11,2
3,1,3,1,0,6,0,2,1,2,0,0,0,2,99990,0,0
1,1,3,1,0,6,0,2,1,2,3,0,0,3,94990,118,15
4,1,3,1,0,6,0,2,1,0,0,1,1,2,104000,0,0
6,1,3,1,0,6,0,2,1,1,3,0,0,2,76990,0,0
4,1,3,1,0,6,0,2,1,2,0,0,1,3,90190,6,1
5,1,3,1,0,6,0,2,0,0,3,1,0,2,88488,0,0
6,1,3,0,0,6,0,2,1,2,0,0,0,3,109990,138,30
6,1,3,1,0,6,0,2,1,2,3,0,0,2,86990,0,0
6,1,3,1,0,6,0,2,1,0,0,0,0,2,89990,0,0
4,1,3,0,0,6,0,2,1,0,0,1,1,2,239759,0,0
1,1,3,1,0,6,0,2,1,1,0,0,1,3,78990,35,4
3,1,3,5,0,6,0,2,1,0,0,0,1,0,121890,3,0
1,1,3,5,0,6,0,2,1,0,0,0,0,3,85990,18,0
6,1,3,1,0,6,0,2,1,2,1,0,0,2,94990,0,0
4,1,3,1,0,6,0,2,1,2,0,0,1,3,92000,8,1
4,1,3,0,0,6,0,2,1,0,0,1,0,2,162990,3,1
3,1,3,1,0,6,0,2,1,0,0,0,1,4,135300,5,2
6,1,3,1,0,6,0,2,1,0,3,0,0,3,64990,33,5
5,1,3,0,0,6,0,2,1,0,2,0,0,2,174527,0,0
5,1,3,0,0,6,0,2,1,0,3,0,0,2,162299,0,0
3,1,3,0,0,6,0,2,1,0,0,1,1,2,109190,0,0
4,1,3,1,0,6,0,2,1,0,0,1,1,2,99999,0,0
6,1,3,0,0,6,0,2,1,1,0,0,0,3,104990,85,9
1,1,3,1,0,6,0,2,1,0,3,1,0,2,109990,0,0
1,1,3,5,0,6,0,2,1,0,0,0,0,3,99990,30,7
5,1,3,5,0,6,0,2,1,1,3,0,0,2,244801,0,0
1,1,3,1,0,6,0,2,1,0,3,0,0,2,94990,0,0
5,1,3,5,0,6,0,2,1,0,0,0,1,2,86000,0,0
5,1,3,0,0,6,0,2,0,1,3,0,0,2,162399,0,0
4,1,3,1,0,6,0,2,0,0,3,0,0,2,119599,0,0
5,1,3,0,0,6,0,2,1,0,3,0,0,2,211753,0,0
5,1,3,1,0,6,0,2,0,0,3,0,0,2,110999,0,0
1,1,3,5,3,6,0,2,1,0,0,0,0,3,81990,40,4
6,1,3,6,3,6,0,2,1,2,1,0,0,3,66990,1639,230
6,1,3,0,0,1,0,2,1,3,1,0,0,3,84990,498,64
1,1,3,1,0,1,0,2,1,1,0,1,1,2,104990,0,0
1,1,3,1,0,1,0,2,1,0,0,1,0,2,134990,0,0
1,1,3,1,0,1,0,2,1,2,3,0,0,3,98990,445,56
4,1,3,0,0,1,0,2,1,3,0,0,1,3,144690,17,4
1,1,3,1,0,1,0,2,1,0,3,0,0,2,99990,0,0
6,1,3,1,0,1,0,2,1,3,1,0,0,3,119990,20,3
1,1,3,1,0,1,0,2,0,2,0,0,0,2,194990,0,0
1,1,3,0,0,1,0,2,1,1,0,0,1,3,124990,17,1
3,1,3,1,0,1,0,2,1,1,3,0,0,2,122410,0,0
4,1,3,0,0,1,0,2,1,0,0,1,0,3,179990,13,5
6,1,3,1,0,1,0,2,1,2,1,1,0,3,154990,3,2
5,1,3,1,0,1,0,2,1,0,0,0,1,2,122990,4,2
1,1,3,0,0,1,0,2,1,3,0,1,0,3,224990,9,0
6,1,3,2,0,1,0,2,1,4,3,0,0,2,279990,0,0
4,1,3,1,0,1,0,2,1,2,3,0,0,2,121990,0,0
4,1,3,1,0,1,0,2,1,2,3,0,0,2,116990,0,0
5,1,3,1,0,1,0,2,1,3,3,0,0,3,151098,7,0
6,1,3,1,0,1,0,2,1,4,1,0,0,3,129990,14,3
4,1,3,1,0,1,0,2,1,0,0,1,0,2,149999,0,0
6,1,3,2,0,1,0,2,1,3,3,0,0,3,139990,4,2
7,1,3,1,0,1,0,2,1,3,0,0,0,3,129990,54,7
4,1,3,1,0,1,0,2,1,4,0,0,1,2,171990,0,0
3,1,3,1,0,1,0,2,1,1,0,0,1,3,93955,4,0
1,1,3,0,0,1,0,2,1,4,3,0,0,2,234990,0,0
4,1,3,1,0,1,0,2,1,0,0,1,1,2,128500,3,1
5,1,3,1,0,1,0,2,1,0,0,1,1,3,102990,16,2
1,1,3,1,0,1,0,2,1,0,0,1,0,3,119990,8,1
1,1,3,1,0,1,0,2,0,3,3,0,0,2,120980,0,0
1,1,3,1,0,1,0,2,0,3,0,0,0,3,157249,7,0
5,1,3,6,0,1,0,2,1,2,3,0,0,2,229900,0,0
1,1,3,1,0,1,0,2,1,3,0,0,0,2,131500,0,0
1,1,3,0,0,1,0,2,1,0,3,0,0,4,154990,3,0
1,1,3,0,0,1,0,2,1,0,3,0,0,2,165990,0,0
5,1,3,0,0,1,0,2,1,0,3,0,0,1,119990,2,1
1,1,3,0,0,1,0,2,1,0,3,0,0,2,167990,0,0
4,1,3,1,0,1,0,2,1,0,0,1,0,2,165000,0,0
2,1,3,0,0,1,0,2,1,0,3,0,0,2,62990,207,49
5,1,3,1,0,1,0,2,1,0,0,0,1,2,85990,7,2
4,1,3,1,0,1,0,2,1,1,0,0,1,2,94990,0,0
4,1,3,1,0,1,0,2,1,3,0,0,1,2,136990,0,0
5,1,3,0,0,1,0,2,1,4,0,0,1,2,234990,0,0
7,1,3,0,0,3,0,2,1,4,0,0,0,2,159990,4,0
1,1,3,0,0,3,0,2,1,0,3,0,0,2,233990,0,0
1,1,3,0,0,0,1,2,1,1,3,0,0,2,93990,0,0
4,1,3,5,0,2,1,2,1,2,0,0,0,2,116941,0,0
6,1,3,0,3,4,1,2,1,2,1,0,0,3,63990,794,83
1,1,3,0,0,4,1,2,1,2,3,0,0,3,66990,25,4
1,1,3,1,0,4,1,2,0,0,3,0,0,2,82500,0,0
7,1,3,0,0,4,1,2,1,3,0,0,0,3,119990,2038,313
6,1,3,0,0,4,1,2,1,2,2,0,0,2,159990,0,0
1,1,3,5,0,4,1,2,1,0,3,0,0,2,98912,0,0
7,1,3,1,0,6,1,2,1,2,0,0,0,3,92990,214,37
7,1,3,1,0,6,1,2,0,3,0,0,0,3,119990,342,54
7,1,4,1,1,1,0,2,1,4,0,0,0,2,169990,0,0
7,1,4,1,0,1,0,2,1,3,0,0,0,2,139990,0,0
6,1,4,1,0,1,0,2,1,3,3,0,0,2,192990,0,0
1,1,4,2,0,1,0,2,1,3,3,0,0,2,299990,0,0
1,1,4,0,0,1,0,2,1,3,0,1,0,3,269990,8,1
1,1,4,1,0,1,0,2,1,3,0,0,0,2,139990,0,0
5,1,4,0,0,1,0,2,0,4,3,0,0,2,265998,0,0
1,1,4,1,0,5,0,2,0,3,0,0,0,4,441990,1,1
6,1,2,0,3,0,3,0,0,2,3,0,0,3,86990,218,27
6,1,2,0,3,0,3,0,0,3,3,0,0,3,109990,78,16
6,1,2,0,3,0,3,0,0,2,3,0,0,3,109590,5,2
1,1,3,0,0,0,3,0,0,3,3,0,0,2,146490,2,1
0,2,5,0,3,4,0,1,1,0,0,0,0,3,85990,6725,629
0,2,5,0,3,4,0,1,1,0,0,0,0,3,112990,640,70
0,2,5,0,0,4,0,1,1,0,0,0,0,3,104990,45,4
0,2,5,0,0,4,0,1,1,0,0,0,0,3,132990,640,70
0,2,5,0,0,6,0,1,1,0,0,0,0,3,149990,640,70
0,2,5,0,3,6,0,1,1,0,0,0,0,3,125990,399,45
0,2,5,0,3,6,0,1,1,0,0,0,0,3,103990,809,91
0,2,5,0,3,6,0,1,1,0,0,0,0,3,101990,809,91
0,2,5,0,3,6,0,1,1,0,0,0,0,3,104990,6725,629
0,2,5,0,3,6,0,1,1,0,0,0,0,3,131990,399,45
0,2,5,0,0,6,0,1,1,0,0,0,0,3,128990,45,4
0,2,5,0,0,6,0,1,1,0,0,0,0,3,184990,42,8
0,2,5,0,0,6,0,1,1,0,0,0,0,3,225990,42,8
0,2,5,0,2,6,0,1,1,0,0,0,0,3,124990,45,4
0,2,5,0,3,1,0,1,1,0,0,0,0,3,149990,640,70
0,2,5,0,0,1,0,1,1,0,0,0,0,3,169990,640,70
0,2,5,0,0,1,0,1,1,0,0,0,0,3,225990,42,8
0,2,5,0,0,1,0,1,1,0,0,0,0,3,243990,42,8
0,2,5,0,1,1,0,1,1,0,0,0,0,4,309990,3,1
1,1,6,7,2,0,3,2,1,0,3,0,0,2,45990,0,0
1,1,6,7,2,2,0,2,0,0,3,1,0,2,58100,0,0
1,1,6,7,3,4,0,2,1,0,0,1,0,2,62990,0,0
4,1,6,7,3,4,0,2,1,0,0,0,1,3,32990,77,9
1,1,6,7,2,4,0,2,1,0,0,0,1,3,33990,6,0
7,1,6,7,2,4,0,2,1,0,0,0,0,3,30990,465,89
3,1,6,7,2,4,0,2,1,0,0,0,0,3,36000,102,16
1,1,6,7,2,4,0,2,1,0,0,0,1,3,32990,7,1
3,1,6,7,2,4,0,2,1,0,0,0,0,2,35990,0,0
1,1,6,7,2,0,1,2,1,0,3,0,0,2,27990,0,0
1,1,6,7,2,0,1,2,1,0,0,0,0,2,25990,4741,658
1,1,6,7,2,0,1,2,1,0,0,0,0,2,25990,2736,350
1,1,6,7,2,0,1,2,1,0,3,0,0,2,30780,0,0
4,0,7,7,3,4,0,2,1,0,0,0,0,3,37990,2214,241
1,0,7,7,3,4,0,2,1,0,0,0,0,3,35990,2886,375
3,0,7,7,3,4,0,2,1,0,3,0,0,3,39490,34,4
3,0,7,7,3,4,0,2,1,0,3,0,0,3,36990,137,15
3,0,7,7,3,4,0,2,1,0,0,0,0,3,39990,7,0
1,0,7,7,2,4,0,2,1,0,0,0,0,3,33690,170,26
3,0,7,7,3,4,0,2,1,0,3,0,0,2,40590,0,0
1,0,7,7,2,4,0,2,1,0,0,0,0,3,37990,39,3
1,0,7,7,2,4,0,2,1,0,0,0,1,3,34500,2886,375
7,0,7,7,3,6,0,2,1,0,0,0,0,3,36990,11,2
4,0,7,7,3,6,0,2,1,0,3,0,0,3,43490,163,33
4,0,7,7,3,6,0,2,1,0,0,0,1,3,41490,153,21
7,0,7,7,2,6,0,2,1,0,3,0,0,2,34990,0,0
4,0,7,7,2,6,0,2,1,0,0,0,1,3,44490,267,42
3,0,7,7,2,6,0,2,1,0,3,0,0,2,40590,0,0
3,0,7,7,3,6,0,2,1,0,3,0,0,2,42090,3,0
3,0,7,7,3,0,1,2,1,0,0,0,1,3,35990,59,12
4,0,7,7,3,0,1,2,1,0,0,0,1,3,39490,7291,895
3,0,7,7,3,0,1,2,1,0,3,0,0,3,37390,38,5
3,0,7,7,2,0,1,2,1,0,0,0,1,2,52632,0,0
3,0,7,7,2,0,1,2,1,0,0,0,1,3,39990,409,39
3,0,7,7,2,0,1,2,1,0,0,0,0,2,43990,0,0
4,0,7,7,2,0,1,2,1,0,0,0,0,3,32917,353,58
5,0,7,7,2,0,1,2,1,0,3,0,0,2,34990,38,6
3,0,7,7,3,0,1,2,1,0,3,0,0,2,39990,18,4
4,0,7,7,3,4,1,2,1,0,0,0,1,3,41999,3524,432
3,0,8,7,3,4,0,2,1,0,0,0,1,3,41990,939,107
3,0,8,7,3,4,0,2,1,0,0,0,0,3,44490,14,1
3,0,8,7,3,4,0,2,1,0,0,0,1,3,41990,649,84
3,0,8,7,3,4,0,2,1,0,0,0,1,3,44490,8,2
6,0,8,7,2,4,0,2,1,0,0,0,0,2,49990,0,0
3,0,8,7,2,4,0,2,1,0,0,0,0,3,44390,276,24
4,0,8,7,3,6,0,2,1,2,0,0,0,3,57990,4740,532
5,0,8,7,3,6,0,2,1,2,0,0,1,3,56990,162,15
5,0,8,7,3,6,0,2,1,0,0,0,0,3,48990,219,27
4,0,8,7,3,6,0,2,1,0,0,0,1,3,49970,193,28
6,0,8,7,3,6,0,2,1,0,3,0,0,3,47990,562,89
4,0,8,7,3,6,0,2,1,0,0,0,1,3,48990,45,5
7,0,8,7,3,6,0,2,1,0,0,0,0,3,53990,7,0
5,0,8,7,3,6,0,2,1,0,0,0,1,3,52990,39,5
7,0,8,7,3,6,0,2,1,0,0,0,0,2,43990,0,0
5,0,8,7,3,6,0,2,1,2,3,0,0,3,59490,92,10
6,0,8,7,3,6,0,2,1,2,3,0,0,3,64990,469,80
3,0,8,7,3,6,0,2,1,0,3,0,0,1,47490,2,1
4,0,8,7,3,6,0,2,1,2,0,0,0,3,59990,1978,188
5,0,8,7,3,6,0,2,1,2,3,0,0,3,69990,9,0
4,0,8,7,3,6,0,2,1,2,0,0,0,3,58990,1049,134
3,0,8,7,3,6,0,2,1,0,0,0,0,3,59490,74,18
4,0,8,7,0,6,0,2,1,0,0,0,1,3,67500,196,19
4,0,8,7,3,6,0,2,0,0,3,0,0,3,48990,17,1
1,0,8,7,3,6,0,2,1,0,0,1,1,3,62450,172,36
1,0,8,7,3,6,0,2,1,0,0,0,0,3,58990,324,34
4,0,8,7,3,6,0,2,1,0,0,0,1,3,57999,86,15
1,0,8,7,0,6,0,2,1,0,3,0,0,3,56990,4,1
4,0,8,7,3,6,0,2,1,2,0,0,1,3,72990,16,4
4,0,8,7,0,6,0,2,1,0,0,0,1,3,65990,104,18
4,0,8,7,0,6,0,2,1,0,0,1,1,2,98020,0,0
4,0,8,7,0,6,0,2,1,1,0,0,1,3,63990,90,13
1,0,8,7,3,6,0,2,0,0,0,0,1,3,49890,6,1
3,0,8,7,3,6,0,2,1,0,0,0,1,3,49990,47,7
3,0,8,7,3,6,0,2,1,0,0,0,1,2,59490,0,0
4,0,8,7,3,6,0,2,1,0,0,1,1,3,73999,206,27
3,0,8,7,2,6,0,2,1,0,0,0,1,3,60990,183,42
3,0,8,7,2,6,0,2,1,3,3,0,0,3,76190,358,64
5,0,8,7,2,6,0,2,1,0,2,1,1,2,74798,0,0
1,0,8,7,2,6,0,2,1,0,0,0,0,3,58990,88,13
4,0,8,7,2,6,0,2,0,2,3,0,0,2,68100,0,0
5,0,8,7,2,6,0,2,1,0,0,1,1,2,77990,0,0
4,0,8,7,2,6,0,2,1,0,0,0,1,3,55090,364,52
1,0,8,7,2,6,0,2,1,0,3,1,0,2,91990,0,0
4,0,8,7,2,6,0,2,1,0,0,0,1,2,84208,0,0
7,0,8,7,2,6,0,2,1,0,0,0,0,3,44990,313,39
4,0,8,7,2,6,0,2,1,0,0,0,1,3,53490,826,118
5,0,8,7,2,6,0,2,1,2,3,0,0,2,76498,0,0
3,0,8,7,2,6,0,2,1,2,0,0,0,2,98920,0,0
6,0,8,7,2,6,0,2,1,0,3,0,0,3,54990,1410,203
7,0,8,7,2,6,0,2,1,0,0,0,0,3,49990,47,6
4,0,8,7,2,6,0,2,0,0,3,0,0,2,52380,0,0
7,0,8,7,2,6,0,2,1,0,0,0,0,3,49990,6,1
4,0,8,7,2,6,0,2,1,0,0,0,1,3,52500,741,67
1,0,8,7,2,6,0,2,1,0,0,0,1,3,49990,14,2
7,0,8,7,2,6,0,2,1,0,0,0,0,2,75999,0,0
1,0,8,7,2,6,0,2,1,0,0,0,0,2,80990,0,0
5,0,8,7,2,6,0,2,0,0,0,0,0,2,59900,3,0
4,0,8,7,2,6,0,2,1,0,0,0,1,3,54590,349,69
3,0,8,7,2,6,0,2,1,0,0,1,1,2,75500,0,0
4,0,8,7,3,6,0,2,1,0,0,0,1,3,51890,519,48
1,0,8,7,0,6,0,2,1,0,0,0,0,1,78000,3,0
4,0,8,7,0,6,0,2,1,0,0,0,1,3,59999,19,1
4,0,8,7,3,6,0,2,1,2,0,0,1,2,64990,8,1
3,0,8,7,2,1,0,2,0,0,3,0,0,3,57900,3,1
5,0,8,7,2,1,0,2,1,0,2,1,1,2,81978,0,0
4,0,8,7,2,0,1,2,1,2,0,0,0,3,59990,1480,151
3,0,8,7,3,4,1,2,1,0,3,0,0,3,49490,31,3
1,0,8,7,3,4,1,2,1,0,0,0,0,3,54990,18,3
5,0,8,7,3,4,1,2,1,2,3,0,0,3,68500,271,24
1,0,8,7,3,4,1,2,1,0,0,0,0,3,54990,49,6
1,0,8,7,3,4,1,2,0,0,0,0,1,3,54990,474,65
5,0,8,7,3,4,1,2,1,0,0,0,1,3,63990,861,116
4,0,8,7,2,4,1,2,1,2,0,0,0,3,80000,34,6
3,0,8,7,2,4,1,2,0,0,3,0,0,2,51990,0,0
1,0,8,7,2,4,1,2,1,0,0,0,1,3,62990,165,34
4,0,8,7,2,4,1,2,1,0,0,0,0,3,52990,698,74
1,0,8,7,2,4,1,2,1,0,0,0,1,2,75100,0,0
1,0,9,7,0,6,0,2,0,2,3,0,0,3,76990,22,3
1,0,9,7,0,6,0,2,1,2,0,0,0,2,79990,0,0
1,0,9,7,3,6,0,2,1,2,3,0,0,3,71990,144,16
1,0,9,7,3,6,0,2,1,2,3,0,0,3,71990,1810,235
5,0,9,7,0,6,0,2,1,2,0,0,1,3,99990,26,1
1,0,9,7,0,6,0,2,1,0,0,0,0,2,79990,0,0
3,0,9,7,0,6,0,2,1,2,0,0,0,2,93990,0,0
1,0,9,7,0,6,0,2,1,2,3,0,0,3,82990,1067,145
1,0,9,7,2,6,0,2,1,2,3,0,0,2,106990,0,0
1,0,9,7,2,6,0,2,1,0,0,0,0,3,92990,25,4
5,1,9,7,2,6,0,2,0,2,2,0,1,2,81490,0,0
1,0,9,7,2,6,0,2,1,0,0,0,1,2,56990,0,0
6,0,9,7,2,6,0,2,1,0,3,0,0,2,64990,0,0
5,0,9,7,2,6,0,2,1,0,0,0,1,3,60990,530,69
5,0,9,7,2,6,0,2,1,2,0,0,1,2,84988,0,0
4,0,9,7,2,6,0,2,1,2,0,0,0,3,90990,273,40
1,0,9,7,2,6,0,2,1,0,0,0,0,3,63990,77,7
5,0,9,7,2,6,0,2,1,0,0,0,1,3,63990,105,10
4,0,9,7,2,6,0,2,1,0,0,0,1,3,57999,44,5
1,0,9,7,2,6,0,2,0,2,3,0,0,2,72400,0,0
5,0,9,7,2,6,0,2,1,0,0,1,0,3,78990,6,0
7,0,9,7,2,6,0,2,1,0,0,0,0,2,59990,0,0
1,0,9,7,2,6,0,2,0,2,0,0,0,2,111990,0,0
4,0,9,7,2,6,0,2,0,0,3,1,0,2,109000,0,0
3,0,9,7,2,6,0,2,1,3,3,0,0,3,89990,191,27
5,0,9,7,2,6,0,2,1,0,2,1,1,2,78988,0,0
5,0,9,7,2,6,0,2,1,2,3,0,0,2,73138,4,1
5,0,9,7,2,6,0,2,1,2,0,0,0,2,106990,0,0
1,0,9,7,2,6,0,2,0,2,3,0,0,2,79990,0,0
3,0,9,7,2,6,0,2,1,0,0,1,1,2,89570,0,0
4,0,9,7,2,6,0,2,1,0,0,0,1,3,68500,134,22
5,0,9,7,0,6,0,2,1,0,0,0,0,2,73400,0,0
4,0,9,7,0,6,0,2,1,1,0,0,1,2,79990,23,6
4,0,9,7,0,6,0,2,1,2,0,0,1,1,84990,4,2
6,0,9,7,0,1,0,2,1,4,0,0,0,3,99990,108,24
1,0,9,7,3,1,0,2,1,2,3,0,0,3,72990,198,24
4,0,9,7,0,1,0,2,1,0,0,1,1,2,92990,0,0
4,0,9,7,0,1,0,2,1,0,0,0,1,2,84190,0,0
1,0,9,7,0,1,0,2,1,0,3,1,0,2,112990,0,0
1,0,9,7,2,1,0,2,0,2,0,0,0,2,114990,0,0
7,0,9,7,2,1,0,2,1,2,0,0,0,2,99990,0,0
1,0,9,7,2,1,0,2,0,2,3,0,0,3,95990,57,3
4,0,9,7,2,1,0,2,1,4,0,0,0,3,159990,17,2
1,0,9,7,2,1,0,2,1,0,0,0,1,2,76990,0,0
5,0,9,7,2,1,0,2,1,3,0,0,1,2,130990,0,0
1,0,9,7,2,1,0,2,1,0,0,0,0,2,99990,0,0
1,0,9,7,2,1,0,2,1,2,3,0,0,2,112990,0,0
5,0,9,7,2,1,0,2,1,0,0,0,1,2,77988,0,0
1,0,9,7,2,1,0,2,1,0,0,0,1,4,76000,1,1
1,0,9,7,2,1,0,2,1,2,0,1,0,3,99990,77,15
1,0,9,7,2,1,0,2,1,0,0,0,0,2,111000,0,0
1,0,9,7,0,1,0,2,1,0,0,0,1,2,84970,2,1
4,0,9,7,0,4,1,2,1,2,0,0,1,3,75990,1084,123
7,0,9,7,0,4,1,2,1,3,0,0,0,3,89990,272,36
7,0,9,7,0,4,1,2,1,2,3,0,0,3,81990,141,24
5,0,9,7,2,6,1,2,0,0,3,0,0,2,80490,0,0
1,0,10,7,0,1,0,2,1,3,0,0,0,2,135990,0,0
1,0,10,7,0,1,0,2,0,0,0,0,0,3,154990,194,42
1,0,10,7,0,1,0,2,1,4,0,0,1,3,199990,9,2
1,0,10,7,0,1,0,2,1,2,3,0,0,3,114990,28,4
1,0,10,7,0,1,0,2,1,3,0,0,1,3,129990,204,35
1,0,10,7,0,1,0,2,1,2,0,1,1,3,114990,32,6
6,0,10,7,2,1,0,2,1,0,3,0,0,2,146990,0,0
1,0,10,7,2,1,0,2,1,0,0,0,0,3,104990,14,2
1,0,10,7,2,1,0,2,1,2,0,1,0,3,114990,14,1
1,0,10,7,2,1,0,2,1,2,0,1,1,4,124990,3,0
1,0,10,7,2,1,0,2,1,0,3,1,0,2,134990,0,0
4,0,10,7,2,1,0,2,1,4,0,0,1,2,141990,0,0
1,0,10,7,2,1,0,2,1,0,0,0,0,2,129990,0,0
1,0,10,7,2,1,0,2,1,2,0,1,1,3,142990,4,1
1,0,10,7,2,1,0,2,1,0,0,0,0,2,121990,0,0
1,0,10,7,2,1,0,2,1,2,0,1,1,3,124990,44,12
1,0,10,7,2,1,0,2,1,3,3,0,0,3,141990,61,13
1,0,10,7,2,1,0,2,1,2,0,0,0,2,162990,0,0
1,0,10,7,2,1,0,2,1,0,0,0,0,2,130500,0,0
1,0,10,7,2,1,0,2,1,2,3,0,0,2,116990,0,0
1,0,10,7,2,1,0,2,0,3,3,0,0,2,138990,0,0
1,0,10,7,2,1,0,2,1,2,0,1,1,2,234990,0,0
1,0,10,7,2,1,0,2,1,0,0,0,0,2,135990,0,0
1,0,10,7,2,1,0,2,1,0,0,0,0,2,144990,0,0
1,0,10,7,2,1,0,2,1,2,0,0,0,2,149990,0,0
1,0,10,7,2,1,0,2,1,2,0,0,0,2,142990,0,0
5,0,8,0,3,6,0,0,1,0,3,0,0,3,57490,18,4
